host,alive,rtt_ms,error
192.168.101.182,false,,unexpected ICMP type: <nil>
192.168.101.127,false,,unexpected ICMP type: <nil>
192.168.101.3,false,,unexpected ICMP type: <nil>
192.168.101.36,false,,unexpected ICMP type: <nil>
192.168.101.1,false,,unexpected ICMP type: <nil>
192.168.101.5,false,,unexpected ICMP type: <nil>
192.168.101.8,false,,read: read ip4 172.19.0.2->192.168.101.8: i/o timeout
192.168.101.9,false,,read: read ip4 172.19.0.2->192.168.101.9: i/o timeout
192.168.101.111,false,,read: read ip4 172.19.0.2->192.168.101.111: i/o timeout
192.168.101.112,false,,read: read ip4 172.19.0.2->192.168.101.112: i/o timeout
192.168.101.114,false,,read: read ip4 172.19.0.2->192.168.101.114: i/o timeout
192.168.101.113,false,,read: read ip4 172.19.0.2->192.168.101.113: i/o timeout
192.168.101.6,false,,read: read ip4 172.19.0.2->192.168.101.6: i/o timeout
192.168.101.7,false,,read: read ip4 172.19.0.2->192.168.101.7: i/o timeout
192.168.101.10,false,,read: read ip4 172.19.0.2->192.168.101.10: i/o timeout
192.168.101.23,false,,read: read ip4 172.19.0.2->192.168.101.23: i/o timeout
192.168.101.108,false,,read: read ip4 172.19.0.2->192.168.101.108: i/o timeout
192.168.101.0,false,,read: read ip4 172.19.0.2->192.168.101.0: i/o timeout
192.168.101.109,false,,read: read ip4 172.19.0.2->192.168.101.109: i/o timeout
192.168.101.2,false,,read: read ip4 172.19.0.2->192.168.101.2: i/o timeout
192.168.101.16,false,,read: read ip4 172.19.0.2->192.168.101.16: i/o timeout
192.168.101.4,false,,read: read ip4 172.19.0.2->192.168.101.4: i/o timeout
192.168.101.11,false,,read: read ip4 172.19.0.2->192.168.101.11: i/o timeout
192.168.101.115,false,,read: read ip4 172.19.0.2->192.168.101.115: i/o timeout
192.168.101.12,false,,read: read ip4 172.19.0.2->192.168.101.12: i/o timeout
192.168.101.14,false,,read: read ip4 172.19.0.2->192.168.101.14: i/o timeout
192.168.101.110,false,,read: read ip4 172.19.0.2->192.168.101.110: i/o timeout
192.168.101.24,false,,read: read ip4 172.19.0.2->192.168.101.24: i/o timeout
192.168.101.13,false,,read: read ip4 172.19.0.2->192.168.101.13: i/o timeout
192.168.101.17,false,,read: read ip4 172.19.0.2->192.168.101.17: i/o timeout
192.168.101.15,false,,read: read ip4 172.19.0.2->192.168.101.15: i/o timeout
192.168.101.20,false,,read: read ip4 172.19.0.2->192.168.101.20: i/o timeout
192.168.101.21,false,,read: read ip4 172.19.0.2->192.168.101.21: i/o timeout
192.168.101.18,false,,read: read ip4 172.19.0.2->192.168.101.18: i/o timeout
192.168.101.25,false,,read: read ip4 172.19.0.2->192.168.101.25: i/o timeout
192.168.101.19,false,,read: read ip4 172.19.0.2->192.168.101.19: i/o timeout
192.168.101.116,false,,read: read ip4 172.19.0.2->192.168.101.116: i/o timeout
192.168.101.22,false,,read: read ip4 172.19.0.2->192.168.101.22: i/o timeout
192.168.101.118,false,,read: read ip4 172.19.0.2->192.168.101.118: i/o timeout
192.168.101.119,false,,read: read ip4 172.19.0.2->192.168.101.119: i/o timeout
192.168.101.117,false,,read: read ip4 172.19.0.2->192.168.101.117: i/o timeout
192.168.101.28,false,,read: read ip4 172.19.0.2->192.168.101.28: i/o timeout
192.168.101.26,false,,read: read ip4 172.19.0.2->192.168.101.26: i/o timeout
192.168.101.27,false,,read: read ip4 172.19.0.2->192.168.101.27: i/o timeout
192.168.101.29,false,,read: read ip4 172.19.0.2->192.168.101.29: i/o timeout
192.168.101.120,false,,read: read ip4 172.19.0.2->192.168.101.120: i/o timeout
192.168.101.30,false,,read: read ip4 172.19.0.2->192.168.101.30: i/o timeout
192.168.101.32,false,,read: read ip4 172.19.0.2->192.168.101.32: i/o timeout
192.168.101.33,false,,read: read ip4 172.19.0.2->192.168.101.33: i/o timeout
192.168.101.123,false,,read: read ip4 172.19.0.2->192.168.101.123: i/o timeout
192.168.101.31,false,,read: read ip4 172.19.0.2->192.168.101.31: i/o timeout
192.168.101.121,false,,read: read ip4 172.19.0.2->192.168.101.121: i/o timeout
192.168.101.122,false,,read: read ip4 172.19.0.2->192.168.101.122: i/o timeout
192.168.101.180,false,,read: read ip4 172.19.0.2->192.168.101.180: i/o timeout
192.168.101.34,false,,read: read ip4 172.19.0.2->192.168.101.34: i/o timeout
192.168.101.125,false,,read: read ip4 172.19.0.2->192.168.101.125: i/o timeout
192.168.101.124,false,,read: read ip4 172.19.0.2->192.168.101.124: i/o timeout
192.168.101.126,false,,read: read ip4 172.19.0.2->192.168.101.126: i/o timeout
192.168.101.35,false,,read: read ip4 172.19.0.2->192.168.101.35: i/o timeout
192.168.101.181,false,,read: read ip4 172.19.0.2->192.168.101.181: i/o timeout
192.168.101.186,false,,read: read ip4 172.19.0.2->192.168.101.186: i/o timeout
192.168.101.184,false,,read: read ip4 172.19.0.2->192.168.101.184: i/o timeout
192.168.101.183,false,,read: read ip4 172.19.0.2->192.168.101.183: i/o timeout
192.168.101.185,false,,read: read ip4 172.19.0.2->192.168.101.185: i/o timeout
192.168.101.237,false,,read: read ip4 172.19.0.2->192.168.101.237: i/o timeout
192.168.101.239,false,,read: read ip4 172.19.0.2->192.168.101.239: i/o timeout
192.168.101.238,false,,read: read ip4 172.19.0.2->192.168.101.238: i/o timeout
192.168.101.129,false,,read: read ip4 172.19.0.2->192.168.101.129: i/o timeout
192.168.101.128,false,,read: read ip4 172.19.0.2->192.168.101.128: i/o timeout
192.168.101.37,false,,read: read ip4 172.19.0.2->192.168.101.37: i/o timeout
192.168.101.38,false,,read: read ip4 172.19.0.2->192.168.101.38: i/o timeout
192.168.101.40,false,,read: read ip4 172.19.0.2->192.168.101.40: i/o timeout
192.168.101.187,false,,read: read ip4 172.19.0.2->192.168.101.187: i/o timeout
192.168.101.131,false,,read: read ip4 172.19.0.2->192.168.101.131: i/o timeout
192.168.101.130,false,,read: read ip4 172.19.0.2->192.168.101.130: i/o timeout
192.168.101.132,false,,read: read ip4 172.19.0.2->192.168.101.132: i/o timeout
192.168.101.133,false,,read: read ip4 172.19.0.2->192.168.101.133: i/o timeout
192.168.101.39,false,,read: read ip4 172.19.0.2->192.168.101.39: i/o timeout
192.168.101.134,false,,read: read ip4 172.19.0.2->192.168.101.134: i/o timeout
192.168.101.41,false,,read: read ip4 172.19.0.2->192.168.101.41: i/o timeout
192.168.101.43,false,,read: read ip4 172.19.0.2->192.168.101.43: i/o timeout
192.168.101.42,false,,read: read ip4 172.19.0.2->192.168.101.42: i/o timeout
192.168.101.61,false,,read: read ip4 172.19.0.2->192.168.101.61: i/o timeout
192.168.101.52,false,,read: read ip4 172.19.0.2->192.168.101.52: i/o timeout
192.168.101.44,false,,read: read ip4 172.19.0.2->192.168.101.44: i/o timeout
192.168.101.53,false,,read: read ip4 172.19.0.2->192.168.101.53: i/o timeout
192.168.101.45,false,,read: read ip4 172.19.0.2->192.168.101.45: i/o timeout
192.168.101.147,false,,read: read ip4 172.19.0.2->192.168.101.147: i/o timeout
192.168.101.54,false,,read: read ip4 172.19.0.2->192.168.101.54: i/o timeout
192.168.101.135,false,,read: read ip4 172.19.0.2->192.168.101.135: i/o timeout
192.168.101.188,false,,read: read ip4 172.19.0.2->192.168.101.188: i/o timeout
192.168.101.55,false,,read: read ip4 172.19.0.2->192.168.101.55: i/o timeout
192.168.101.136,false,,read: read ip4 172.19.0.2->192.168.101.136: i/o timeout
192.168.101.46,false,,read: read ip4 172.19.0.2->192.168.101.46: i/o timeout
192.168.101.56,false,,read: read ip4 172.19.0.2->192.168.101.56: i/o timeout
192.168.101.137,false,,read: read ip4 172.19.0.2->192.168.101.137: i/o timeout
192.168.101.47,false,,read: read ip4 172.19.0.2->192.168.101.47: i/o timeout
192.168.101.57,false,,read: read ip4 172.19.0.2->192.168.101.57: i/o timeout
192.168.101.138,false,,read: read ip4 172.19.0.2->192.168.101.138: i/o timeout
192.168.101.48,false,,read: read ip4 172.19.0.2->192.168.101.48: i/o timeout
192.168.101.58,false,,read: read ip4 172.19.0.2->192.168.101.58: i/o timeout
192.168.101.139,false,,read: read ip4 172.19.0.2->192.168.101.139: i/o timeout
192.168.101.49,false,,read: read ip4 172.19.0.2->192.168.101.49: i/o timeout
192.168.101.59,false,,read: read ip4 172.19.0.2->192.168.101.59: i/o timeout
192.168.101.140,false,,read: read ip4 172.19.0.2->192.168.101.140: i/o timeout
192.168.101.50,false,,read: read ip4 172.19.0.2->192.168.101.50: i/o timeout
192.168.101.248,false,,read: read ip4 172.19.0.2->192.168.101.248: i/o timeout
192.168.101.60,false,,read: read ip4 172.19.0.2->192.168.101.60: i/o timeout
192.168.101.51,false,,read: read ip4 172.19.0.2->192.168.101.51: i/o timeout
192.168.101.141,false,,read: read ip4 172.19.0.2->192.168.101.141: i/o timeout
192.168.101.240,false,,read: read ip4 172.19.0.2->192.168.101.240: i/o timeout
192.168.101.244,false,,read: read ip4 172.19.0.2->192.168.101.244: i/o timeout
192.168.101.245,false,,read: read ip4 172.19.0.2->192.168.101.245: i/o timeout
192.168.101.241,false,,read: read ip4 172.19.0.2->192.168.101.241: i/o timeout
192.168.101.246,false,,read: read ip4 172.19.0.2->192.168.101.246: i/o timeout
192.168.101.142,false,,read: read ip4 172.19.0.2->192.168.101.142: i/o timeout
192.168.101.247,false,,read: read ip4 172.19.0.2->192.168.101.247: i/o timeout
192.168.101.143,false,,read: read ip4 172.19.0.2->192.168.101.143: i/o timeout
192.168.101.144,false,,read: read ip4 172.19.0.2->192.168.101.144: i/o timeout
192.168.101.242,false,,read: read ip4 172.19.0.2->192.168.101.242: i/o timeout
192.168.101.145,false,,read: read ip4 172.19.0.2->192.168.101.145: i/o timeout
192.168.101.243,false,,read: read ip4 172.19.0.2->192.168.101.243: i/o timeout
192.168.101.146,false,,read: read ip4 172.19.0.2->192.168.101.146: i/o timeout
192.168.101.149,false,,read: read ip4 172.19.0.2->192.168.101.149: i/o timeout
192.168.101.250,false,,read: read ip4 172.19.0.2->192.168.101.250: i/o timeout
192.168.101.252,false,,read: read ip4 172.19.0.2->192.168.101.252: i/o timeout
192.168.101.251,false,,read: read ip4 172.19.0.2->192.168.101.251: i/o timeout
192.168.101.64,false,,read: read ip4 172.19.0.2->192.168.101.64: i/o timeout
192.168.101.190,false,,read: read ip4 172.19.0.2->192.168.101.190: i/o timeout
192.168.101.192,false,,read: read ip4 172.19.0.2->192.168.101.192: i/o timeout
192.168.101.65,false,,read: read ip4 172.19.0.2->192.168.101.65: i/o timeout
192.168.101.253,false,,read: read ip4 172.19.0.2->192.168.101.253: i/o timeout
192.168.101.191,false,,read: read ip4 172.19.0.2->192.168.101.191: i/o timeout
192.168.101.63,false,,read: read ip4 172.19.0.2->192.168.101.63: i/o timeout
192.168.101.175,false,,read: read ip4 172.19.0.2->192.168.101.175: i/o timeout
192.168.101.177,false,,read: read ip4 172.19.0.2->192.168.101.177: i/o timeout
192.168.101.150,false,,read: read ip4 172.19.0.2->192.168.101.150: i/o timeout
192.168.101.151,false,,read: read ip4 172.19.0.2->192.168.101.151: i/o timeout
192.168.101.152,false,,read: read ip4 172.19.0.2->192.168.101.152: i/o timeout
192.168.101.178,false,,read: read ip4 172.19.0.2->192.168.101.178: i/o timeout
192.168.101.153,false,,read: read ip4 172.19.0.2->192.168.101.153: i/o timeout
192.168.101.214,false,,read: read ip4 172.19.0.2->192.168.101.214: i/o timeout
192.168.101.197,false,,read: read ip4 172.19.0.2->192.168.101.197: i/o timeout
192.168.101.193,false,,read: read ip4 172.19.0.2->192.168.101.193: i/o timeout
192.168.101.154,false,,read: read ip4 172.19.0.2->192.168.101.154: i/o timeout
192.168.101.194,false,,read: read ip4 172.19.0.2->192.168.101.194: i/o timeout
192.168.101.179,false,,read: read ip4 172.19.0.2->192.168.101.179: i/o timeout
192.168.101.195,false,,read: read ip4 172.19.0.2->192.168.101.195: i/o timeout
192.168.101.196,false,,read: read ip4 172.19.0.2->192.168.101.196: i/o timeout
192.168.101.70,false,,read: read ip4 172.19.0.2->192.168.101.70: i/o timeout
192.168.101.198,false,,read: read ip4 172.19.0.2->192.168.101.198: i/o timeout
192.168.101.156,false,,read: read ip4 172.19.0.2->192.168.101.156: i/o timeout
192.168.101.216,false,,read: read ip4 172.19.0.2->192.168.101.216: i/o timeout
192.168.101.199,false,,read: read ip4 172.19.0.2->192.168.101.199: i/o timeout
192.168.101.218,false,,read: read ip4 172.19.0.2->192.168.101.218: i/o timeout
192.168.101.200,false,,read: read ip4 172.19.0.2->192.168.101.200: i/o timeout
192.168.101.157,false,,read: read ip4 172.19.0.2->192.168.101.157: i/o timeout
192.168.101.254,false,,read: read ip4 172.19.0.2->192.168.101.254: i/o timeout
192.168.101.201,false,,read: read ip4 172.19.0.2->192.168.101.201: i/o timeout
192.168.101.158,false,,read: read ip4 172.19.0.2->192.168.101.158: i/o timeout
192.168.101.105,false,,read: read ip4 172.19.0.2->192.168.101.105: i/o timeout
192.168.101.255,false,,read: read ip4 172.19.0.2->192.168.101.255: i/o timeout
192.168.101.202,false,,read: read ip4 172.19.0.2->192.168.101.202: i/o timeout
192.168.101.231,false,,read: read ip4 172.19.0.2->192.168.101.231: i/o timeout
192.168.101.66,false,,read: read ip4 172.19.0.2->192.168.101.66: i/o timeout
192.168.101.62,false,,read: read ip4 172.19.0.2->192.168.101.62: i/o timeout
192.168.101.203,false,,read: read ip4 172.19.0.2->192.168.101.203: i/o timeout
192.168.101.159,false,,read: read ip4 172.19.0.2->192.168.101.159: i/o timeout
192.168.101.106,false,,read: read ip4 172.19.0.2->192.168.101.106: i/o timeout
192.168.101.204,false,,read: read ip4 172.19.0.2->192.168.101.204: i/o timeout
192.168.101.189,false,,read: read ip4 172.19.0.2->192.168.101.189: i/o timeout
192.168.101.160,false,,read: read ip4 172.19.0.2->192.168.101.160: i/o timeout
192.168.101.67,false,,read: read ip4 172.19.0.2->192.168.101.67: i/o timeout
192.168.101.205,false,,read: read ip4 172.19.0.2->192.168.101.205: i/o timeout
192.168.101.161,false,,read: read ip4 172.19.0.2->192.168.101.161: i/o timeout
192.168.101.219,false,,read: read ip4 172.19.0.2->192.168.101.219: i/o timeout
192.168.101.68,false,,read: read ip4 172.19.0.2->192.168.101.68: i/o timeout
192.168.101.206,false,,read: read ip4 172.19.0.2->192.168.101.206: i/o timeout
192.168.101.148,false,,read: read ip4 172.19.0.2->192.168.101.148: i/o timeout
192.168.101.69,false,,read: read ip4 172.19.0.2->192.168.101.69: i/o timeout
192.168.101.207,false,,read: read ip4 172.19.0.2->192.168.101.207: i/o timeout
192.168.101.249,false,,read: read ip4 172.19.0.2->192.168.101.249: i/o timeout
192.168.101.208,false,,read: read ip4 172.19.0.2->192.168.101.208: i/o timeout
192.168.101.209,false,,read: read ip4 172.19.0.2->192.168.101.209: i/o timeout
192.168.101.155,false,,read: read ip4 172.19.0.2->192.168.101.155: i/o timeout
192.168.101.220,false,,read: read ip4 172.19.0.2->192.168.101.220: i/o timeout
192.168.101.162,false,,read: read ip4 172.19.0.2->192.168.101.162: i/o timeout
192.168.101.210,false,,read: read ip4 172.19.0.2->192.168.101.210: i/o timeout
192.168.101.107,false,,read: read ip4 172.19.0.2->192.168.101.107: i/o timeout
192.168.101.90,false,,read: read ip4 172.19.0.2->192.168.101.90: i/o timeout
192.168.101.211,false,,read: read ip4 172.19.0.2->192.168.101.211: i/o timeout
192.168.101.227,false,,read: read ip4 172.19.0.2->192.168.101.227: i/o timeout
192.168.101.71,false,,read: read ip4 172.19.0.2->192.168.101.71: i/o timeout
192.168.101.73,false,,read: read ip4 172.19.0.2->192.168.101.73: i/o timeout
192.168.101.212,false,,read: read ip4 172.19.0.2->192.168.101.212: i/o timeout
192.168.101.163,false,,read: read ip4 172.19.0.2->192.168.101.163: i/o timeout
192.168.101.72,false,,read: read ip4 172.19.0.2->192.168.101.72: i/o timeout
192.168.101.74,false,,read: read ip4 172.19.0.2->192.168.101.74: i/o timeout
192.168.101.213,false,,read: read ip4 172.19.0.2->192.168.101.213: i/o timeout
192.168.101.164,false,,read: read ip4 172.19.0.2->192.168.101.164: i/o timeout
192.168.101.91,false,,read: read ip4 172.19.0.2->192.168.101.91: i/o timeout
192.168.101.224,false,,read: read ip4 172.19.0.2->192.168.101.224: i/o timeout
192.168.101.165,false,,read: read ip4 172.19.0.2->192.168.101.165: i/o timeout
192.168.101.83,false,,read: read ip4 172.19.0.2->192.168.101.83: i/o timeout
192.168.101.92,false,,read: read ip4 172.19.0.2->192.168.101.92: i/o timeout
192.168.101.84,false,,read: read ip4 172.19.0.2->192.168.101.84: i/o timeout
192.168.101.228,false,,read: read ip4 172.19.0.2->192.168.101.228: i/o timeout
192.168.101.75,false,,read: read ip4 172.19.0.2->192.168.101.75: i/o timeout
192.168.101.223,false,,read: read ip4 172.19.0.2->192.168.101.223: i/o timeout
192.168.101.85,false,,read: read ip4 172.19.0.2->192.168.101.85: i/o timeout
192.168.101.166,false,,read: read ip4 172.19.0.2->192.168.101.166: i/o timeout
192.168.101.215,false,,read: read ip4 172.19.0.2->192.168.101.215: i/o timeout
192.168.101.93,false,,read: read ip4 172.19.0.2->192.168.101.93: i/o timeout
192.168.101.86,false,,read: read ip4 172.19.0.2->192.168.101.86: i/o timeout
192.168.101.167,false,,read: read ip4 172.19.0.2->192.168.101.167: i/o timeout
192.168.101.76,false,,read: read ip4 172.19.0.2->192.168.101.76: i/o timeout
192.168.101.94,false,,read: read ip4 172.19.0.2->192.168.101.94: i/o timeout
192.168.101.87,false,,read: read ip4 172.19.0.2->192.168.101.87: i/o timeout
192.168.101.168,false,,read: read ip4 172.19.0.2->192.168.101.168: i/o timeout
192.168.101.77,false,,read: read ip4 172.19.0.2->192.168.101.77: i/o timeout
192.168.101.95,false,,read: read ip4 172.19.0.2->192.168.101.95: i/o timeout
192.168.101.169,false,,read: read ip4 172.19.0.2->192.168.101.169: i/o timeout
192.168.101.88,false,,read: read ip4 172.19.0.2->192.168.101.88: i/o timeout
192.168.101.78,false,,read: read ip4 172.19.0.2->192.168.101.78: i/o timeout
192.168.101.96,false,,read: read ip4 172.19.0.2->192.168.101.96: i/o timeout
192.168.101.170,false,,read: read ip4 172.19.0.2->192.168.101.170: i/o timeout
192.168.101.89,false,,read: read ip4 172.19.0.2->192.168.101.89: i/o timeout
192.168.101.97,false,,read: read ip4 172.19.0.2->192.168.101.97: i/o timeout
192.168.101.79,false,,read: read ip4 172.19.0.2->192.168.101.79: i/o timeout
192.168.101.229,false,,read: read ip4 172.19.0.2->192.168.101.229: i/o timeout
192.168.101.225,false,,read: read ip4 172.19.0.2->192.168.101.225: i/o timeout
192.168.101.221,false,,read: read ip4 172.19.0.2->192.168.101.221: i/o timeout
192.168.101.171,false,,read: read ip4 172.19.0.2->192.168.101.171: i/o timeout
192.168.101.226,false,,read: read ip4 172.19.0.2->192.168.101.226: i/o timeout
192.168.101.98,false,,read: read ip4 172.19.0.2->192.168.101.98: i/o timeout
192.168.101.232,false,,read: read ip4 172.19.0.2->192.168.101.232: i/o timeout
192.168.101.172,false,,read: read ip4 172.19.0.2->192.168.101.172: i/o timeout
192.168.101.217,false,,read: read ip4 172.19.0.2->192.168.101.217: i/o timeout
192.168.101.99,false,,read: read ip4 172.19.0.2->192.168.101.99: i/o timeout
192.168.101.80,false,,read: read ip4 172.19.0.2->192.168.101.80: i/o timeout
192.168.101.173,false,,read: read ip4 172.19.0.2->192.168.101.173: i/o timeout
192.168.101.81,false,,read: read ip4 172.19.0.2->192.168.101.81: i/o timeout
192.168.101.100,false,,read: read ip4 172.19.0.2->192.168.101.100: i/o timeout
192.168.101.82,false,,read: read ip4 172.19.0.2->192.168.101.82: i/o timeout
192.168.101.174,false,,read: read ip4 172.19.0.2->192.168.101.174: i/o timeout
192.168.101.102,false,,read: read ip4 172.19.0.2->192.168.101.102: i/o timeout
192.168.101.103,false,,read: read ip4 172.19.0.2->192.168.101.103: i/o timeout
192.168.101.230,false,,read: read ip4 172.19.0.2->192.168.101.230: i/o timeout
192.168.101.234,false,,read: read ip4 172.19.0.2->192.168.101.234: i/o timeout
192.168.101.104,false,,read: read ip4 172.19.0.2->192.168.101.104: i/o timeout
192.168.101.176,false,,read: read ip4 172.19.0.2->192.168.101.176: i/o timeout
192.168.101.101,false,,read: read ip4 172.19.0.2->192.168.101.101: i/o timeout
192.168.101.222,false,,read: read ip4 172.19.0.2->192.168.101.222: i/o timeout
192.168.101.235,false,,read: read ip4 172.19.0.2->192.168.101.235: i/o timeout
192.168.101.233,false,,read: read ip4 172.19.0.2->192.168.101.233: i/o timeout
192.168.101.236,false,,read: read ip4 172.19.0.2->192.168.101.236: i/o timeout
